miRNA,Frequency,Percentage,Mean_Weight,Std_Weight
hsa-mir-210,999,99.9,0.21878067277846736,0.11818856428981256
hsa-mir-486-2,962,96.2,-0.17276801520639107,0.11870379420387701
hsa-mir-9-1,413,41.3,0.0030489659923557157,0.0058649846662272645
hsa-mir-486-1,325,32.5,-0.04083112833967274,0.08155801481488002
hsa-mir-143,243,24.3,-0.02338862220697375,0.025428828973083517
hsa-mir-9-2,56,5.6000000000000005,0.004732190206266011,0.013778707940859133
