fold,roc_auc,sensitivity,specificity,f1_score,accuracy,tp,tn,fp,fn
1,1.0,0.970873786407767,1.0,0.9852216748768473,0.9734513274336283,100,10,0,3
2,1.0,0.9903846153846154,1.0,0.9951690821256038,0.9911504424778761,103,9,0,1
3,0.9914529914529915,0.9519230769230769,0.8888888888888888,0.9705882352941176,0.9469026548672567,99,8,1,5
4,0.9989316239316239,0.9711538461538461,1.0,0.9853658536585366,0.9734513274336283,101,9,0,3
5,0.9848975188781014,0.9320388349514563,0.8888888888888888,0.96,0.9285714285714286,96,8,1,7
